,antecedants,consequents,antecedent support,consequent support,support,confidence,lift,leverage,conviction
0,100% Recycled Paper Towels,Sustainably Soft Bath Tissue,0.0496821732393,0.0328104740521,0.01397805256,0.281349458943,8.57498914819,0.0123479569041,1.34584122698
1,Sustainably Soft Bath Tissue,100% Recycled Paper Towels,0.0328104740521,0.0496821732393,0.01397805256,0.426024096386,8.57498914819,0.0123479569041,1.65567547483
