,antecedants,consequents,antecedent support,consequent support,support,confidence,lift,leverage,conviction
0,Vegan Nutritional Shake Sweet Vanilla Bean,Vegan Smooth Chocolate Nutritional Shake,0.00334070046752,0.00410840183169,0.00108557771027,0.324955116697,79.0952613715,0.00107185277035,1.47529686218
1,Vegan Smooth Chocolate Nutritional Shake,Vegan Nutritional Shake Sweet Vanilla Bean,0.00410840183169,0.00334070046752,0.00108557771027,0.264233576642,79.0952613715,0.00107185277035,1.35458654798
2,Lemon Verbena Hand Soap,Lavender Hand Soap,0.0154200016194,0.01858976858,0.00139745638946,0.0906262154804,4.8750588309,0.00111080212786,1.07921544268
3,Lavender Hand Soap,Lemon Verbena Hand Soap,0.01858976858,0.0154200016194,0.00139745638946,0.0751734150669,4.8750588309,0.00111080212786,1.06461039769
4,Moroccan Argan Oil + Argan Stem Cell Triple Moisture Conditioner,Hair Shampoos,0.00278891511202,0.00215016358636,0.00101360570738,0.363440860215,169.029399679,0.00100760908366,1.56756815518
5,Hair Shampoos,Moroccan Argan Oil + Argan Stem Cell Triple Moisture Conditioner,0.00215016358636,0.00278891511202,0.00101360570738,0.471408647141,169.029399679,0.00100760908366,1.88654445347
